client_id,default_prob,offer_amount
400,0.005406987259166424,49098.835456805595
397,0.005406987259166424,49098.835456805595
651,0.005406987259166424,49098.835456805595
436,0.005447485524850638,49092.085745858225
719,0.005476259400759105,49087.290099873484
475,0.005476259400759105,49087.290099873484
187,0.005476259400759105,49087.290099873484
333,0.005476259400759105,49087.290099873484
188,0.005898251524258033,49016.95807929033
46,0.006132582354593627,48977.90294090106
302,0.006132582354593627,48977.90294090106
471,0.006132582354593627,48977.90294090106
786,0.006132582354593627,48977.90294090106
67,0.006132582354593627,48977.90294090106
626,0.006153918659608968,48974.34689006517
850,0.006153918659608968,48974.34689006517
670,0.006232700217924396,48961.21663034593
689,0.006330952196685931,48944.84130055235
596,0.006330952196685931,48944.84130055235
424,0.006330952196685931,48944.84130055235
240,0.006330952196685931,48944.84130055235
640,0.006338990670079403,48943.50155498677
560,0.006398341478802445,48933.609753532925
825,0.006398341478802445,48933.609753532925
315,0.006556899083545539,48907.183486075744
477,0.006594987675412963,48900.83538743117
615,0.0066546638575740455,48890.88935707099
281,0.0066546638575740455,48890.88935707099
69,0.006704762507509351,48882.53958208177
88,0.006704762507509351,48882.53958208177
705,0.006704762507509351,48882.53958208177
546,0.006704762507509351,48882.53958208177
261,0.006704762507509351,48882.53958208177
8,0.006704762507509351,48882.53958208177
440,0.006726429247128575,48878.928458811904
214,0.006726429247128575,48878.928458811904
242,0.006726429247128575,48878.928458811904
393,0.0067428769042892816,48876.18718261845
501,0.006804406428505157,48865.932261915805
226,0.0068124897622373875,48864.5850396271
239,0.0068124897622373875,48864.5850396271
217,0.0068124897622373875,48864.5850396271
127,0.0069848392917834295,48835.86011803609
417,0.007125917444496571,48812.34709258391
145,0.007162625991319354,48806.22900144678
181,0.007162625991319354,48806.22900144678
235,0.007204597271838329,48799.23378802695
304,0.007204597271838329,48799.23378802695
594,0.007204597271838329,48799.23378802695
558,0.007204597271838329,48799.23378802695
447,0.007310625731953625,48781.56237800773
279,0.007366622619356632,48772.22956344056
307,0.007490436676742474,48751.59388720959
330,0.007490436676742474,48751.59388720959
48,0.007490436676742474,48751.59388720959
604,0.007490436676742474,48751.59388720959
790,0.007490436676742474,48751.59388720959
572,0.007499936247367279,48750.01062543879
264,0.007507017171830115,48748.830471361645
137,0.0076229447323638904,48729.509211272685
862,0.0076229447323638904,48729.509211272685
727,0.0076229447323638904,48729.509211272685
11,0.0076229447323638904,48729.509211272685
228,0.0076229447323638904,48729.509211272685
366,0.007629595776376703,48728.400703937215
407,0.007629595776376703,48728.400703937215
435,0.007629595776376703,48728.400703937215
410,0.007629595776376703,48728.400703937215
827,0.007629595776376703,48728.400703937215
38,0.007629595776376703,48728.400703937215
698,0.007629595776376703,48728.400703937215
491,0.007685130882355854,48719.14485294069
55,0.007804760636598658,48699.20656056689
712,0.007874080029658927,48687.65332839018
157,0.007874080029658927,48687.65332839018
695,0.007874080029658927,48687.65332839018
802,0.007874080029658927,48687.65332839018
382,0.007874080029658927,48687.65332839018
331,0.007874080029658927,48687.65332839018
842,0.007874080029658927,48687.65332839018
445,0.007874080029658927,48687.65332839018
201,0.007874080029658927,48687.65332839018
17,0.007874080029658927,48687.65332839018
823,0.007874080029658927,48687.65332839018
875,0.007874080029658927,48687.65332839018
894,0.007874080029658927,48687.65332839018
104,0.007932162100601544,48677.97298323308
717,0.007932162100601544,48677.97298323308
523,0.007932162100601544,48677.97298323308
39,0.008072420854514486,48654.59652424759
888,0.00820436987847787,48632.605020253686
370,0.008253165519250658,48624.47241345823
659,0.0083382395686179,48610.293405230346
809,0.0083382395686179,48610.293405230346
507,0.0083382395686179,48610.293405230346
751,0.0083382395686179,48610.293405230346
584,0.0083382395686179,48610.293405230346
739,0.0083382395686179,48610.293405230346
736,0.0083382395686179,48610.293405230346
587,0.0083382395686179,48610.293405230346
482,0.0083382395686179,48610.293405230346
303,0.008341155773705786,48609.807371049035
92,0.008455509501138516,48590.74841647691
329,0.008652976872043546,48557.83718799274
255,0.008655055557254895,48557.49074045751
263,0.008655055557254895,48557.49074045751
294,0.008707056421156583,48548.82392980724
834,0.008765573896517869,48539.07101724702
683,0.00890665180985722,48515.55803169047
244,0.008933659348786486,48511.056775202254
346,0.008933659348786486,48511.056775202254
156,0.0090183163171,48496.947280483335
183,0.009019200648430249,48496.79989192829
869,0.009115110729781387,48480.81487836977
500,0.00931945292164636,48446.75784639228
197,0.009366491341920333,48438.918109679944
624,0.009613756715486631,48397.70721408556
229,0.009613756715486631,48397.70721408556
638,0.009614003855469072,48397.66602408849
663,0.009626228401718753,48395.62859971354
742,0.009626228401718753,48395.62859971354
34,0.009653299544885897,48391.11674251902
409,0.00976165961387896,48373.05673102017
348,0.009799075688682444,48366.820718552925
506,0.009899880736096172,48350.01987731731
777,0.010018859859800427,48330.190023366595
113,0.010128409544742534,48311.93174254291
775,0.010128409544742534,48311.93174254291
645,0.010128409544742534,48311.93174254291
812,0.010128409544742534,48311.93174254291
394,0.01014791242466504,48308.68126255582
767,0.01014791242466504,48308.68126255582
97,0.010198194306540691,48300.300948909884
464,0.010322356094911788,48279.6073175147
516,0.01037552275013749,48270.74620831042
456,0.01037552275013749,48270.74620831042
222,0.010604008717185627,48232.66521380239
149,0.010638731528959491,48226.87807850675
246,0.010724020403516596,48212.66326608057
323,0.010724020403516596,48212.66326608057
636,0.010724020403516596,48212.66326608057
710,0.01125147904779313,48124.75349203448
5,0.011304309606031918,48115.94839899468
531,0.01142788648536147,48095.352252439756
14,0.011501280413978757,48083.119931003544
813,0.011582517314398577,48069.58044760024
272,0.011732910617903911,48044.514897016015
466,0.011776169427897842,48037.305095350355
872,0.011869957578579081,48021.67373690349
625,0.011876774155524373,48020.53764074593
841,0.011931075967078904,48011.48733882018
380,0.012388358429468047,47935.273595088656
527,0.012564976620642843,47905.83722989286
364,0.012622037417326681,47896.32709711222
835,0.012691585811256501,47884.73569812391
716,0.012823254627538432,47862.79089541026
486,0.012823254627538432,47862.79089541026
123,0.013030084783510407,47828.319202748266
412,0.0133019466814156,47783.00888643073
220,0.013388926814102385,47768.5121976496
763,0.013474742231997395,47754.20962800043
311,0.013474742231997395,47754.20962800043
0,0.014299079721090603,47616.8200464849
37,0.014430209187662768,47594.96513538954
579,0.014493030133963539,47584.494977672744
160,0.015357158540560278,47440.47357657329
559,0.015961247306312605,47339.79211561457
470,0.016014892937489887,47330.851177085024
504,0.016016228156999556,47330.62864050007
522,0.016218087593137323,47296.98540114378
119,0.01644888483257515,47258.51919457081
451,0.01660696223411677,47232.17296098054
453,0.016815285246826718,47197.452458862215
791,0.017138626245275252,47143.562292454124
206,0.017245631601634587,47125.72806639424
30,0.017280945302151445,47119.84244964142
271,0.017300611269654594,47116.564788390904
437,0.017490101189409586,47084.9831350984
288,0.017669485446703215,47055.0857588828
25,0.01771142061286441,47048.096564522595
144,0.01771142061286441,47048.096564522595
704,0.01796209242231558,47006.31792961407
300,0.018231930186263727,46961.344968956044
611,0.01828939645393363,46951.767257677726
846,0.0184976631861003,46917.056135649946
275,0.018719016345284806,46880.163942452535
129,0.018729967405352183,46878.338765774635
595,0.019045438186087,46825.76030231883
574,0.019061290586398702,46823.11823560022
50,0.019061290586398702,46823.11823560022
878,0.019061290586398702,46823.11823560022
335,0.019434033050648787,46760.99449155854
118,0.019484729768190403,46752.54503863493
337,0.019522817508179004,46746.19708197017
815,0.01966972975719202,46721.71170713466
735,0.019809696257373322,46698.383957104445
838,0.01988469315081575,46685.88447486404
857,0.020022808373613508,46662.86527106442
426,0.0201715034551069,46638.08275748219
664,0.0201715034551069,46638.08275748219
134,0.02023642869121321,46627.2618847978
273,0.020236793307595823,46627.2011154007
186,0.02032158615339837,46613.068974433605
40,0.02043644432359107,46593.92594606816
723,0.02043644432359107,46593.92594606816
666,0.02043644432359107,46593.92594606816
555,0.020585268287108913,46569.12195214851
754,0.02063203917917699,46561.3268034705
2,0.020725358066847818,46545.773655525365
593,0.020739918040177156,46543.34699330381
343,0.021256322623609686,46457.27956273172
769,0.021311494101897772,46448.08431635037
457,0.021345294264053554,46442.45095599108
439,0.02149193341715676,46418.01109714054
892,0.02162498644669041,46395.83559221827
895,0.02162498644669041,46395.83559221827
340,0.02163261233956457,46394.56461007257
864,0.02168401480548721,46385.9975324188
545,0.02168401480548721,46385.9975324188
505,0.02168401480548721,46385.9975324188
147,0.02168401480548721,46385.9975324188
257,0.02168401480548721,46385.9975324188
860,0.02168401480548721,46385.9975324188
338,0.021941567565902736,46343.07207234955
396,0.02213755983032044,46310.40669494659
658,0.022164400335812882,46305.93327736452
383,0.022387053965261493,46268.82433912308
268,0.022443517124219103,46259.41381263015
662,0.02253128172924005,46244.78637845999
463,0.02253128172924005,46244.78637845999
121,0.02253128172924005,46244.78637845999
282,0.02289138430414974,46184.769282641704
488,0.022894697448539666,46184.21709191005
535,0.022943413679505448,46176.09772008243
631,0.022943413679505448,46176.09772008243
817,0.022943413679505448,46176.09772008243
430,0.022943413679505448,46176.09772008243
247,0.023029995667122997,46161.667388812835
732,0.023029995667122997,46161.667388812835
530,0.023248386730785674,46125.26887820238
497,0.023248386730785674,46125.26887820238
806,0.02331975295899099,46113.374506834836
885,0.023324584478390427,46112.56925360159
236,0.023597382845268387,46067.10285912194
533,0.023610924272202224,46064.84595463296
831,0.023666913803471315,46055.514366088115
837,0.023666913803471315,46055.514366088115
269,0.023666913803471315,46055.514366088115
231,0.023666913803471315,46055.514366088115
622,0.023666913803471315,46055.514366088115
318,0.023666913803471315,46055.514366088115
810,0.023666913803471315,46055.514366088115
668,0.023666913803471315,46055.514366088115
106,0.023666913803471315,46055.514366088115
109,0.023666913803471315,46055.514366088115
798,0.023666913803471315,46055.514366088115
429,0.023666913803471315,46055.514366088115
385,0.023666913803471315,46055.514366088115
79,0.023666913803471315,46055.514366088115
422,0.023666913803471315,46055.514366088115
529,0.023666913803471315,46055.514366088115
379,0.02382253502716671,46029.577495472215
66,0.023838690448939562,46026.88492517674
552,0.023838690448939562,46026.88492517674
317,0.023838690448939562,46026.88492517674
556,0.02391556030643151,46014.073282261415
779,0.02391556030643151,46014.073282261415
597,0.02393262508270218,46011.229152882974
890,0.023981267863593954,46003.12202273434
851,0.023981267863593954,46003.12202273434
725,0.023981267863593954,46003.12202273434
120,0.024057154960520046,45990.47417324666
78,0.02415526967095868,45974.12172150689
173,0.02415526967095868,45974.12172150689
389,0.024190142082366778,45968.30965293887
694,0.024219170737073182,45963.471543821135
91,0.024219170737073182,45963.471543821135
365,0.02449413006804144,45917.64498865976
852,0.02449413006804144,45917.64498865976
401,0.02449413006804144,45917.64498865976
889,0.024511271407706516,45914.78809871558
563,0.024511271407706516,45914.78809871558
770,0.024511271407706516,45914.78809871558
729,0.024639685767841927,45893.38570535968
538,0.02474290475279939,45876.1825412001
54,0.02474290475279939,45876.1825412001
571,0.02474290475279939,45876.1825412001
444,0.024819192258211546,45863.46795696474
830,0.024819192258211546,45863.46795696474
133,0.024888584772449884,45851.90253792502
295,0.024914836125055344,45847.527312490776
543,0.024982765139848734,45836.20581002521
250,0.02503853115461485,45826.91147423086
85,0.02503853115461485,45826.91147423086
357,0.02503853115461485,45826.91147423086
102,0.02503853115461485,45826.91147423086
700,0.02503853115461485,45826.91147423086
140,0.02511917044002941,45813.47159332843
784,0.02511917044002941,45813.47159332843
526,0.02511917044002941,45813.47159332843
544,0.02511917044002941,45813.47159332843
349,0.02511917044002941,45813.47159332843
503,0.025301214543206097,45783.13090946565
788,0.025370630205580363,45771.561632403274
794,0.025451698860065042,45758.05018998916
297,0.025673660945065624,45721.05650915573
278,0.025673660945065624,45721.05650915573
100,0.025673660945065624,45721.05650915573
196,0.025673660945065624,45721.05650915573
476,0.025983431351402145,45669.428108099644
819,0.025983431351402145,45669.428108099644
632,0.025983431351402145,45669.428108099644
580,0.02599579507951842,45667.36748674693
722,0.02619239693791846,45634.60051034692
783,0.02619239693791846,45634.60051034692
759,0.026331501242446535,45611.41645959225
903,0.02641400274808301,45597.66620865283
305,0.02644159430752441,45593.0676154126
680,0.02649263378303209,45584.56103616132
306,0.026504640221180552,45582.55996313658
376,0.026572662689306633,45571.22288511556
207,0.026598734152756542,45566.87764120724
404,0.026700544895455747,45549.909184090706
469,0.026790176352497506,45534.97060791708
821,0.026934223059235908,45510.96282346068
691,0.026942385110979673,45509.60248150339
646,0.026942385110979673,45509.60248150339
564,0.026942385110979673,45509.60248150339
386,0.027245254017939903,45459.12433034335
425,0.027245254017939903,45459.12433034335
801,0.027317134000398893,45447.14433326686
277,0.027355283366064437,45440.78610565593
655,0.027355283366064437,45440.78610565593
752,0.027355283366064437,45440.78610565593
642,0.027482097652706053,45419.65039121566
381,0.027692701131114113,45384.54981148098
108,0.027706225300301864,45382.29578328302
610,0.027774812185666454,45370.86463572226
601,0.028174217881493983,45304.29701975101
844,0.028199081225942293,45300.15312900962
599,0.02827201452949688,45287.99757841719
744,0.02830096466729094,45283.172555451514
262,0.028359333332127694,45273.444444645385
690,0.028371044430570626,45271.49259490489
450,0.02839000692780928,45268.33217869845
168,0.028589746691323255,45235.042218112794
179,0.028726911292158524,45212.18145130691
703,0.028726911292158524,45212.18145130691
172,0.028726911292158524,45212.18145130691
90,0.028726911292158524,45212.18145130691
620,0.028726911292158524,45212.18145130691
583,0.028726911292158524,45212.18145130691
468,0.028726911292158524,45212.18145130691
62,0.028726911292158524,45212.18145130691
107,0.028910679246125837,45181.553458979026
588,0.029546328411196122,45075.61193146731
537,0.029552171029337656,45074.63816177706
203,0.029552171029337656,45074.63816177706
390,0.029680095195909518,45053.31746734842
684,0.029680095195909518,45053.31746734842
608,0.029761005317371865,45039.83244710469
576,0.029761005317371865,45039.83244710469
15,0.029796266286780716,45033.955618869884
686,0.029801781424077797,45033.03642932037
687,0.029807798304895373,45032.03361585077
778,0.029807798304895373,45032.03361585077
518,0.029808579212347846,45031.903464608695
839,0.029900861974780996,45016.52300420317
378,0.029910173230864107,45014.97112818932
180,0.03019706813921104,44967.15531013149
822,0.03019706813921104,44967.15531013149
720,0.03020551007681146,44965.74832053142
633,0.03020551007681146,44965.74832053142
105,0.03020551007681146,44965.74832053142
854,0.03020551007681146,44965.74832053142
532,0.03020551007681146,44965.74832053142
459,0.03020551007681146,44965.74832053142
455,0.03033327712450093,44944.45381258318
774,0.03045483243643811,44924.19459392698
803,0.030574177641743142,44904.30372637614
83,0.03067459606248678,44887.56732291887
336,0.03070433000183454,44882.611666360914
606,0.030765290334990824,44872.45161083486
481,0.030872829897789097,44854.528350368484
734,0.030872829897789097,44854.528350368484
324,0.03096990328847176,44838.34945192137
755,0.030979902074360802,44836.68298760654
865,0.031028525915845734,44828.57901402571
219,0.031028525915845734,44828.57901402571
780,0.031028525915845734,44828.57901402571
130,0.031051890234882116,44824.68496085298
94,0.0312493836336535,44791.769394391085
566,0.03127982958425836,44786.695069290276
536,0.03127982958425836,44786.695069290276
901,0.03137506200622932,44770.822998961776
293,0.03138259444185194,44769.56759302468
737,0.031533268363249545,44744.45527279175
465,0.031769517168152475,44705.08047197459
654,0.03181064096324746,44698.22650612542
520,0.03181064096324746,44698.22650612542
339,0.031833998286462016,44694.333618922996
442,0.031849335854424406,44691.77735759593
296,0.032048260750588226,44658.623208235294
353,0.032048260750588226,44658.623208235294
265,0.03220723201015405,44632.12799830766
21,0.0322308708407833,44628.18819320278
881,0.0322308708407833,44628.18819320278
218,0.0322308708407833,44628.18819320278
747,0.0322308708407833,44628.18819320278
898,0.0322308708407833,44628.18819320278
693,0.03223452518976796,44627.57913503867
313,0.03230982748749972,44615.02875208338
60,0.03236484671759254,44605.85888040125
880,0.03240623533040738,44598.960778265435
58,0.03262228558310648,44562.95240281559
19,0.0326856752585159,44552.38745691402
141,0.03275242497997602,44541.26250333733
125,0.03294142033288012,44509.763277853315
896,0.03294142033288012,44509.763277853315
492,0.03294142033288012,44509.763277853315
743,0.03294142033288012,44509.763277853315
33,0.03294142033288012,44509.763277853315
32,0.03294142033288012,44509.763277853315
270,0.0332401489280981,44459.97517865032
146,0.033305943346315876,44449.00944228069
674,0.033418416695861534,44430.26388402308
208,0.03355292481705382,44407.84586382436
540,0.033696177369150274,44383.97043847495
761,0.03382168992803351,44363.05167866108
195,0.03408130551445466,44319.782414257556
508,0.03435499755847293,44274.16707358784
899,0.034523018707069045,44246.16354882182
372,0.034960402027818256,44173.26632869696
886,0.0353918777427127,44101.35370954788
891,0.03550082725426052,44083.195457623246
724,0.035550992705203954,44074.834549132676
748,0.03556709170851235,44072.151381914606
74,0.03556709170851235,44072.151381914606
728,0.035762398460480065,44039.60025658665
128,0.0359299548165587,44011.674197240216
627,0.03618361897928736,43969.39683678544
434,0.03668277846926887,43886.20358845519
31,0.03673032988731238,43878.278352114605
510,0.03673032988731238,43878.278352114605
402,0.03679674606809108,43867.20898865149
843,0.0372893863989496,43785.102266841735
45,0.0372893863989496,43785.102266841735
805,0.0374144167133855,43764.263881102415
715,0.03760404191328615,43732.659681118974
859,0.037777678789442375,43703.72020175961
309,0.038260855128313564,43623.19081194774
81,0.03839586518730519,43600.68913544913
254,0.038487505850643075,43585.41569155949
115,0.038487505850643075,43585.41569155949
290,0.03875050242331939,43541.58292944676
709,0.03877547604975455,43537.42065837424
287,0.03899085180444706,43501.52469925882
259,0.039135582247624146,43477.402958729304
367,0.039238158402693096,43460.30693288449
211,0.039238158402693096,43460.30693288449
408,0.039325190484285226,43445.80158595246
3,0.039444853812740974,43425.857697876505
764,0.039543693401298756,43409.38443311687
227,0.03963151851981799,43394.74691336367
171,0.0397880524242828,43368.6579292862
314,0.03987113141096416,43354.81143150597
524,0.03990465137409632,43349.22477098394
861,0.0406400414239991,43226.65976266682
816,0.0406400414239991,43226.65976266682
59,0.0406400414239991,43226.65976266682
23,0.0406400414239991,43226.65976266682
762,0.0406400414239991,43226.65976266682
184,0.04074302410204586,43209.49598299236
847,0.04090321467328806,43182.79755445199
84,0.040947223288371734,43175.46278527138
688,0.0411776587916429,43137.05686805952
562,0.04121308030089637,43131.153283183936
478,0.04125797382748471,43123.67102875255
86,0.041299083055440805,43116.819490759866
20,0.04129959524948792,43116.73412508535
718,0.04142106767667671,43096.48872055388
411,0.04169724018406288,43050.45996932285
266,0.0418097271434734,43031.71214275443
696,0.041841622214766304,43026.39629753895
29,0.04191837303390612,43013.604494348976
617,0.04193228505406868,43011.28582432189
70,0.04206815956511649,42988.640072480586
515,0.042211715976674384,42964.7140038876
796,0.04245418324043448,42924.30279326092
139,0.042847239131885054,42858.79347801916
35,0.04306167015278689,42823.05497453552
678,0.04306167015278689,42823.05497453552
713,0.04306167015278689,42823.05497453552
423,0.04319072203897533,42801.546326837444
432,0.04343559487270223,42760.73418788296
652,0.04357947747075692,42736.75375487385
189,0.04357947747075692,42736.75375487385
82,0.0439513236384306,42674.779393594894
292,0.04463072591450747,42561.54568091542
75,0.04490156106800526,42516.406488665794
873,0.0449233952034937,42512.767466084384
836,0.04514474612262422,42475.875646229295
673,0.04519346075458353,42467.756540902745
499,0.04519936873690971,42466.771877181716
93,0.04558270341573711,42402.88276404382
347,0.04572636201848605,42378.93966358566
467,0.04598133289567211,42336.44451738799
607,0.04656502808500058,42239.16198583324
711,0.04656502808500058,42239.16198583324
657,0.04658385929800323,42236.023450332796
114,0.0468204918749943,42196.58468750095
866,0.04738398391118576,42102.66934813571
887,0.04764314423926407,42059.475960122654
598,0.04764314423926407,42059.475960122654
757,0.0489465714031903,41842.23809946828
551,0.04896940917550971,41838.431804081716
884,0.04923686965772083,41793.85505704652
216,0.04923686965772083,41793.85505704652
542,0.04923686965772083,41793.85505704652
811,0.04927033960452008,41788.27673257999
840,0.049272536499506255,41787.91058341562
398,0.04964007528964772,41726.65411839205
124,0.04986113673234105,41689.81054460982
126,0.04986113673234105,41689.81054460982
525,0.04998652084019452,41668.91319330092
53,0.05037891785836657,41603.51369027224
868,0.050462795433057185,41589.53409449047
832,0.05048451832026503,41585.91361328916
616,0.05048451832026503,41585.91361328916
209,0.051055825874687405,41490.6956875521
73,0.051055825874687405,41490.6956875521
96,0.051055825874687405,41490.6956875521
641,0.051055825874687405,41490.6956875521
773,0.051055825874687405,41490.6956875521
433,0.051343664671203736,41442.72255479938
344,0.05138664315588421,41435.559474019305
511,0.05164740783748187,41392.09869375302
320,0.05164740783748187,41392.09869375302
238,0.05164740783748187,41392.09869375302
28,0.05164740783748187,41392.09869375302
514,0.05169333125689383,41384.44479051769
170,0.05180244057845785,41366.259903590355
285,0.052128013783538145,41311.99770274364
639,0.05217127827957521,41304.78695340413
49,0.052300556540071985,41283.240576654665
804,0.05319852863354707,41133.57856107549
883,0.05319852863354707,41133.57856107549
547,0.05325307095873542,41124.488173544094
740,0.05354316596541925,41076.139005763456
191,0.05356607965400741,41072.32005766543
204,0.053578575358923144,41070.23744017947
679,0.053578575358923144,41070.23744017947
828,0.054265595560375475,40955.73407327075
77,0.05443796854397974,40927.00524267004
613,0.05457748871134538,40903.75188144243
502,0.05539915083191778,40766.80819468037
446,0.05552799283130334,40745.33452811611
284,0.05590274630510833,40682.875615815276
371,0.056087683429589516,40652.05276173508
893,0.056230676306584876,40628.22061556919
215,0.05628600910206026,40618.998482989955
199,0.05628600910206026,40618.998482989955
387,0.05630095205900783,40616.50799016536
848,0.05660699393645059,40565.501010591564
863,0.05708785268500598,40485.35788583234
47,0.05708785268500598,40485.35788583234
41,0.05761655706856889,40397.24048857185
68,0.05789460714867924,40350.89880855346
177,0.05902023558660925,40163.29406889846
609,0.05902023558660925,40163.29406889846
766,0.05902023558660925,40163.29406889846
714,0.05902023558660925,40163.29406889846
291,0.05902023558660925,40163.29406889846
252,0.059035859023725226,40160.69016271247
369,0.0590374161032176,40160.43064946373
190,0.05908549853755708,40152.41691040715
363,0.05949055660475687,40084.90723254052
630,0.059750926317708904,40041.51228038185
707,0.06091846202945014,39846.92299509164
345,0.061110701231379336,39814.88312810344
582,0.061709212520295105,39715.131246617486
225,0.06191393915571459,39681.010140714236
496,0.0628281769269189,39528.637178846846
276,0.06334146715955544,39443.088806740765
420,0.06387103802437079,39354.8269959382
414,0.0638752315712606,39354.128071456566
71,0.06393255497580994,39344.574170698346
581,0.06403704672171605,39327.15887971399
485,0.06409014358139462,39318.309403100895
648,0.06409014358139462,39318.309403100895
237,0.06412201063407524,39312.99822765413
749,0.06421347847711573,39297.753587147374
824,0.06464109091704116,39226.4848471598
232,0.06553387568019134,39077.687386634774
4,0.06608213849851684,38986.31025024719
870,0.06618814311975782,38968.6428133737
321,0.06624925248869915,38958.45791855014
10,0.06624925248869915,38958.45791855014
150,0.06624925248869915,38958.45791855014
682,0.06660199431855342,38899.66761357443
845,0.06744462333002436,38759.22944499594
391,0.06744462333002436,38759.22944499594
738,0.06827204369438845,38621.326050935255
474,0.06827204369438845,38621.326050935255
541,0.06870985565577536,38548.3573907041
24,0.0694641338435114,38422.644359414764
765,0.0694641338435114,38422.644359414764
643,0.06958155595811033,38403.07400698161
721,0.07002209189340283,38329.65135109953
6,0.07003600304429783,38327.33282595036
80,0.07035374995119334,38274.37500813444
416,0.07165065369654863,38058.224383908564
676,0.07165391287921745,38057.68118679709
419,0.0720121157138372,37997.98071436047
438,0.07202431334025287,37995.947776624525
154,0.07220166226787705,37966.38962202049
52,0.07283925884014651,37860.123526642245
358,0.07313361472579506,37811.06421236749
57,0.07313361472579506,37811.06421236749
730,0.07313361472579506,37811.06421236749
461,0.07313361472579506,37811.06421236749
568,0.07477862520432518,37536.89579927913
350,0.0752507471757245,37458.20880404592
415,0.07555350911438977,37407.748480935035
135,0.07667366036439116,37221.056605934806
785,0.076758246586951,37206.95890217483
635,0.07677221954021768,37204.63007663038
656,0.0767952581172092,37200.79031379847
155,0.07737717016148955,37103.804973085076
427,0.07765301940470394,37057.83009921601
902,0.07805290034655159,36991.18327557474
326,0.07816898035523218,36971.83660746131
487,0.0781985096749454,36966.91505417576
312,0.07831725334314335,36947.12444280944
182,0.07882927738573477,36861.787102377544
131,0.0790710846912123,36821.48588479795
95,0.07938947510641663,36768.42081559722
368,0.07948484659903178,36752.52556682804
308,0.07948484659903178,36752.52556682804
361,0.08010158976908817,36649.735038485305
577,0.08064491243021694,36559.18126163051
797,0.08064491243021694,36559.18126163051
675,0.08064491243021694,36559.18126163051
249,0.08075137833689346,36541.43694385109
462,0.08081607480284107,36530.65419952649
667,0.08085703284910152,36523.827858483084
549,0.0811448190605248,36475.86348991253
793,0.08258622232628979,36235.62961228504
897,0.08324660252280364,36125.56624619939
776,0.0836918036951299,36051.36605081168
458,0.08409894060463345,35983.50989922776
800,0.08441949410677524,35930.08431553746
702,0.08448045336883943,35919.92443852676
706,0.08473933420492785,35876.77763251202
332,0.08608459395741447,35652.56767376426
849,0.08634958561912795,35608.40239681201
855,0.0865405462782384,35576.575620293595
148,0.08741408854280702,35430.9852428655
110,0.08747905274142515,35420.15787642914
99,0.08758023674380008,35403.29387603331
198,0.0882157266528309,35297.37889119485
274,0.08837686094441809,35270.52317593032
671,0.08861334220082129,35231.10963319645
98,0.08865572345906012,35224.04609015665
771,0.08961649782444281,35063.91702925953
443,0.09071409339228098,34880.98443461983
9,0.0910724779765166,34821.25367058057
163,0.09156708351056861,34738.81941490523
213,0.09157060895684653,34738.23184052558
428,0.09254188766993038,34576.35205501161
637,0.09319052754158305,34468.245409736155
193,0.0949617827419404,34173.0362096766
36,0.0956680415110014,34055.3264148331
63,0.09580016674951831,34033.30554174695
741,0.09605776713629176,33990.372143951376
18,0.09679361738279194,33867.730436201346
699,0.09685656999814056,33857.23833364324
653,0.09730673641780735,33782.210597032106
299,0.09767794803009794,33720.341994983675
42,0.09770102865773257,33716.49522371124
614,0.09827309106847551,33621.15148858741
591,0.09902284089705314,33496.19318382447
554,0.0998379861056811,33360.33564905315
298,0.10266283439866106,32889.527600223155
289,0.1036325455315643,32727.909078072615
528,0.10509249259365246,32484.58456772459
360,0.10543342510359038,32427.762482734935
152,0.10550422220974322,32415.9629650428
756,0.10576615300780251,32372.307832032915
494,0.10624364087131934,32292.72652144678
283,0.10666132858217674,32223.111902970548
138,0.10674511706633642,32209.147155610597
167,0.10836531054619422,31939.114908967626
867,0.10953037565392607,31744.937391012318
660,0.11016865981880643,31638.556696865595
159,0.11016865981880643,31638.556696865595
87,0.11016865981880643,31638.556696865595
490,0.11034976999209008,31608.371667984986
665,0.11062224289457072,31562.959517571544
826,0.11090760681889332,31515.39886351778
733,0.11229961488004976,31283.397519991708
248,0.11482453327043277,30862.577788261202
12,0.11511583773802683,30814.027043662194
223,0.11520084380260577,30799.859366232373
590,0.11520084380260577,30799.859366232373
789,0.11520084380260577,30799.859366232373
122,0.11555574330693388,30740.70944884435
818,0.11605786939910771,30657.021766815385
64,0.11927006685116052,30121.655524806578
697,0.11969707768640839,30050.487052265267
876,0.12006244421065865,29989.592631556894
628,0.12160922547543747,29731.795754093753
224,0.12415135326231856,29308.10778961357
768,0.12716611806768552,28805.64698871908
692,0.12852432865657917,28579.278557236805
205,0.13019762397055007,28300.396004908325
799,0.1308103153869067,28198.280768848883
243,0.1310183236072086,28163.6127321319
44,0.1310183236072086,28163.6127321319
395,0.13107959837322058,28153.400271129904
621,0.1311406873216482,28143.2187797253
185,0.1311406873216482,28143.2187797253
245,0.1311406873216482,28143.2187797253
230,0.1311406873216482,28143.2187797253
267,0.1311406873216482,28143.2187797253
483,0.1312493105793945,28125.114903434245
578,0.1318279448008112,28028.675866531466
493,0.13263839616410283,27893.600639316195
448,0.1336715772728925,27721.40378785125
452,0.13404607789988246,27658.987016686253
377,0.1344993441176012,27583.44264706647
602,0.13553335790309445,27411.107016150927
814,0.1359153223952183,27347.446267463616
132,0.1366304227198956,27228.262880017402
103,0.13666015747889257,27223.307086851233
153,0.1369833441431111,27169.44264281481
162,0.1369833441431111,27169.44264281481
882,0.13701660035493735,27163.89994084377
178,0.13701660035493735,27163.89994084377
200,0.13739492866850447,27100.84522191592
151,0.13789750542053755,27017.08242991041
573,0.13842977898467682,26928.37016922053
16,0.13853714038990864,26910.476601681894
619,0.13859479029789765,26900.86828368372
76,0.13918182805629886,26803.028657283525
212,0.14108486983174082,26485.855028043192
101,0.14209332724574347,26317.778792376088
539,0.14314950084608735,26141.74985898544
586,0.14347021731141846,26088.29711476359
612,0.14347021731141846,26088.29711476359
795,0.14347021731141846,26088.29711476359
623,0.1443628287743884,25939.52853760193
731,0.1454372881640753,25760.451972654115
403,0.14592795948492351,25678.67341917941
561,0.1462325865252222,25627.902245796296
1,0.14803929025162774,25326.784958062042
405,0.14874375413966068,25209.374310056555
327,0.15091054538358156,24848.24243606974
589,0.1516947173119062,24717.547114682297
351,0.15568707682001545,24052.153863330754
413,0.15722055579436567,23796.574034272388
136,0.1587378819972369,23543.686333793852
7,0.16005428214972323,23324.286308379462
359,0.1602146146401727,23297.564226637885
618,0.16109451986549753,23150.913355750414
565,0.161376856591501,23103.85723474983
550,0.16322868050816916,22795.219915305137
280,0.16768080529113402,22053.19911814433
807,0.17241506818170305,21264.15530304949
164,0.17301733490956905,21163.777515071823
647,0.17462586042200323,20895.68992966613
143,0.17462586042200323,20895.68992966613
142,0.17472790510558836,20878.68248240194
548,0.17883546784293694,20194.08869284384
534,0.17968651115190964,20052.248141348387
758,0.18091098420519156,19848.169299134737
473,0.18685410685364545,18857.648857725755
567,0.18712906781304983,18811.82203115836
853,0.18881785610761376,18530.357315397705
772,0.1924501291996113,17924.97846673145
782,0.19368710168069594,17718.816386550672
392,0.19402600907942832,17662.331820095278
354,0.19448279534627816,17586.200775620302
644,0.196232876688732,17294.520551878002
519,0.1993776012557836,16770.399790702733
192,0.2003757998655611,16604.033355739815
112,0.20201192247006008,16331.346254989987
600,0.20485536673313767,15857.438877810388
517,0.20503797707124008,15827.003821459984
570,0.206588341582868,15568.609736188666
877,0.2081563886847476,15307.26855254207
356,0.2091703848156691,15138.269197388481
750,0.21076173968026327,14873.043386622787
65,0.2118989461701223,14683.50897164628
421,0.21285552083193515,14524.079861344142
575,0.2171434428340825,13809.426194319585
479,0.22153924287870835,13076.792853548608
194,0.2235078278092449,12748.695365125845
174,0.2261329575480124,12311.173741997933
829,0.2261863099937934,12302.281667701098
175,0.22709410118474355,12150.983135876075
158,0.2295589650827893,11740.172486201784
26,0.23504686765243818,10825.522057926968
406,0.23710469022413522,10482.551629310794
585,0.23836483913128081,10272.526811453197
557,0.24003098970943912,9994.835048426814
489,0.2495645212849111,8405.91311918148
43,0.2495645212849111,8405.91311918148
341,0.25002486627467263,8329.188954221228
286,0.25093077290138727,8178.204516435456
472,0.2620844006404876,6319.266559918729
900,0.26404677398663456,5992.204335560902
553,0.264113641108069,5981.059815321832
334,0.2660644303042887,5655.9282826185445
753,0.2742629056445737,4289.515725904386
322,0.2760087229627688,3998.546172871864
51,0.2760087229627688,3998.546172871864
669,0.2772130340012925,3797.8276664512478
454,0.28860167569770834,1899.7207170486085
61,0.29003040080407005,1661.5998659883223
708,0.2966927842366066,551.2026272322279
256,0.30569366184477353,0.0
375,0.3076986264593097,0.0
629,0.31413998028375334,0.0
449,0.3141547364461466,0.0
418,0.31837202263559633,0.0
253,0.3185860833167277,0.0
495,0.3290900763845018,0.0
362,0.34661086025665405,0.0
605,0.34859362104963665,0.0
111,0.352266732921385,0.0
352,0.35920233595854195,0.0
746,0.3602186461853823,0.0
661,0.36126450931342585,0.0
858,0.3694587365886312,0.0
355,0.3732113504614817,0.0
871,0.3772570509854029,0.0
22,0.38358780533854575,0.0
856,0.3867336147091818,0.0
260,0.40336628228653687,0.0
787,0.4073061712787075,0.0
603,0.40775388646122085,0.0
316,0.40848142269765136,0.0
384,0.40893440689392285,0.0
342,0.41094387754999684,0.0
374,0.41100618364921,0.0
820,0.41127728733728874,0.0
592,0.42193240343694277,0.0
234,0.43625232278329423,0.0
521,0.43736144868180543,0.0
681,0.4382793202864401,0.0
649,0.4409629740404531,0.0
399,0.4465704790958643,0.0
480,0.44979306318486767,0.0
258,0.44980564003092605,0.0
513,0.456425234042494,0.0
241,0.46277439761390426,0.0
509,0.46297097433714307,0.0
56,0.4662107411863035,0.0
116,0.4673752379594136,0.0
165,0.469465937960336,0.0
310,0.48873227609614817,0.0
233,0.4931791236403759,0.0
388,0.495034391226721,0.0
569,0.4964161805185592,0.0
161,0.5001326504115401,0.0
431,0.5040415603298161,0.0
166,0.5161257649664921,0.0
781,0.5287536889186756,0.0
460,0.5346146885885729,0.0
745,0.5349425886164161,0.0
72,0.5545178075465709,0.0
701,0.5595425321617661,0.0
301,0.5673329707192856,0.0
328,0.5710402458803503,0.0
251,0.5833292126509012,0.0
650,0.5859514684291351,0.0
808,0.5873219504456308,0.0
512,0.5909177190523581,0.0
726,0.612340218070719,0.0
13,0.6124831328131398,0.0
904,0.6158466588911564,0.0
176,0.6232400551659829,0.0
89,0.6286015483576044,0.0
879,0.6287378884556104,0.0
221,0.6305418564243762,0.0
792,0.6372405963296046,0.0
685,0.6383313697742197,0.0
325,0.6385150325878285,0.0
484,0.6398855921604607,0.0
634,0.644079679400239,0.0
319,0.6479882716349793,0.0
672,0.6540216162836325,0.0
441,0.687575541066807,0.0
210,0.6883260930883229,0.0
27,0.7062626634223846,0.0
117,0.7152106729250093,0.0
833,0.7411702351145684,0.0
373,0.8058508390901984,0.0
169,0.857066257672618,0.0
874,0.8596293548940005,0.0
760,0.8721634344069039,0.0
498,0.8888313017666699,0.0
202,0.8941605967729424,0.0
677,0.90415655584351,0.0
